generic_name,drug_class,drug_class_ko
ae-37 vaccine,Vaccine,백신(임상시험)
anastrozole,Hormone Therapy,내분비요법
bevacizumab,Other Targeted Therapy,기타 표적치료
capecitabine,Chemotherapy,항암화학요법
carboplatin,Chemotherapy,항암화학요법
chemotherapy nos,Chemotherapy,항암화학요법
cisplatin,Chemotherapy,항암화학요법
clodronate,Bone-modifying Agent,골 보호제
cyclophosphamide,Chemotherapy,항암화학요법
denosumab,Bone-modifying Agent,골 보호제
docetaxel,Chemotherapy,항암화학요법
doxorubicin,Chemotherapy,항암화학요법
endocrine therapy nos,Hormone Therapy,내분비요법
epirubicin,Chemotherapy,항암화학요법
etoposide,Chemotherapy,항암화학요법
everolimus,Other Targeted Therapy,기타 표적치료
exemestane,Hormone Therapy,내분비요법
fluorouracil,Chemotherapy,항암화학요법
fulvestrant,Hormone Therapy,내분비요법
gemcitabine,Chemotherapy,항암화학요법
goserelin,Hormone Therapy,내분비요법
ibandronate,Bone-modifying Agent,골 보호제
ifosfamide,Chemotherapy,항암화학요법
ixabepilone,Chemotherapy,항암화학요법
lapatinib,HER2-targeted Therapy,HER2 표적치료
letrozole,Hormone Therapy,내분비요법
leuprolide,Hormone Therapy,내분비요법
liposomal doxorubicin,Chemotherapy,항암화학요법
megestrol,Hormone Therapy,내분비요법
mesna,Supportive Care,보조요법
metformin,Other,기타
methotrexate,Chemotherapy,항암화학요법
mitomycin,Chemotherapy,항암화학요법
mitoxantrone,Chemotherapy,항암화학요법
nab-paclitaxel,Chemotherapy,항암화학요법
nelipepimut-s (e75) vaccine,Vaccine,백신(임상시험)
paclitaxel,Chemotherapy,항암화학요법
palonosetron,Supportive Care,보조요법
pamidronate,Bone-modifying Agent,골 보호제
pegfilgrastim,Supportive Care,보조요법
pemetrexed,Chemotherapy,항암화학요법
prednisone,Supportive Care,보조요법
rituximab,Other Targeted Therapy,기타 표적치료
tamoxifen,Hormone Therapy,내분비요법
taxane nos,Chemotherapy,항암화학요법
tesetaxel,Chemotherapy,항암화학요법
toremifene,Hormone Therapy,내분비요법
trabectedin,Chemotherapy,항암화학요법
trastuzumab,HER2-targeted Therapy,HER2 표적치료
triptorelin,Hormone Therapy,내분비요법
unknown,Unknown,알 수 없음
vinblastine,Chemotherapy,항암화학요법
vincristine,Chemotherapy,항암화학요법
vinorelbine,Chemotherapy,항암화학요법
zoledronic acid,Bone-modifying Agent,골 보호제
