raw_name,generic_names,note
5 fluorouracil,fluorouracil,
5-flourouracil,fluorouracil,
5-fluorouracil,fluorouracil,
5-fu,fluorouracil,
[not available],unknown,
[unknown],unknown,
abraxane,nab-paclitaxel,
ac,doxorubicin+cyclophosphamide,요법 약어: doxorubicin(Adriamycin)+cyclophosphamide
adriamicin,doxorubicin,
adriamycin,doxorubicin,
adriamycin+cuclophosphamide,doxorubicin+cyclophosphamide,
adriamycin+cyclophosphamid,doxorubicin+cyclophosphamide,
adriamycin+cyclophosphamide,doxorubicin+cyclophosphamide,
"adriamycin, cytoxan, avastin",doxorubicin+cyclophosphamide+bevacizumab,
adriamyicin,doxorubicin,
adrimicin+cyclophosphamide,doxorubicin+cyclophosphamide,
adrimycin,doxorubicin,
adrimycin+cyclophosphamide,doxorubicin+cyclophosphamide,
ae-37,ae-37 vaccine,
albumin-bound paclitaxel,nab-paclitaxel,
aloxi,palonosetron,
anastrazole,anastrozole,
anastrozole,anastrozole,
anastrozole (arimidex),anastrozole,
anastrozolum,anastrozole,
arimidex,anastrozole,
arimidex (anastrozole),anastrozole,
aromasin,exemestane,
aromasin (exemestane),exemestane,
aromatase exemestane,exemestane,
avastin,bevacizumab,
bevacizumab,bevacizumab,
bevacizumab (avastin)/placebo provided by study,bevacizumab,이중맹검 임상시험. 실제 투약 여부 불명
bevacizumab or placebo,bevacizumab,이중맹검 임상시험. 실제 투약 여부 불명
capecetabine,capecitabine,
capecitabine,capecitabine,
carboplatin,carboplatin,
"chemo, nos",chemotherapy nos,
cisplatin,cisplatin,
clodronate,clodronate,
clodronic acid,clodronate,
cyclophasphamide,cyclophosphamide,
cyclophospamide,cyclophosphamide,
cyclophosphamid,cyclophosphamide,
cyclophosphamide,cyclophosphamide,
cyclophosphamide+methotrexatum+fluorouracillum,cyclophosphamide+methotrexate+fluorouracil,
cyclophosphamidum,cyclophosphamide,
cyclophosphane,cyclophosphamide,
cyotxan,cyclophosphamide,
cytoxan,cyclophosphamide,
cytoxan and taxotere,docetaxel+cyclophosphamide,
cytoxen,cyclophosphamide,
denosumab,denosumab,
docetaxel,docetaxel,
doxetaxel,docetaxel,
doxil,liposomal doxorubicin,
doxorubicin,doxorubicin,
doxorubicin hcl,doxorubicin,
doxorubicin liposome,liposomal doxorubicin,
doxorubicin+ cyclophosphamide,doxorubicin+cyclophosphamide,
doxorubicin+cyclophosphamid,doxorubicin+cyclophosphamide,
doxorubicine,doxorubicin,
doxorubicine cyclophosphamide tamoxifen,doxorubicin+cyclophosphamide+tamoxifen,
doxorubicine+cyclophosphamide,doxorubicin+cyclophosphamide,
doxorubicine+cyclophosphamide+tamoxifen,doxorubicin+cyclophosphamide+tamoxifen,
doxorubicinum,doxorubicin,
e-75,nelipepimut-s (e75) vaccine,
epirubicin,epirubicin,
epirubicoin,epirubicin,
everolimus,everolimus,
exemestane,exemestane,
exemestane (aromasin),exemestane,
fareston,toremifene,
faslodex,fulvestrant,
femara,letrozole,
femara (letrozole),letrozole,
flourouracil,fluorouracil,
fluorouracil,fluorouracil,
fulvestrant,fulvestrant,
fulvestrant (faslodex),fulvestrant,
gemcitabine,gemcitabine,
gemzar,gemcitabine,
goserelin,goserelin,
herceptin,trastuzumab,
"hormone, nos",endocrine therapy nos,
ibandronate,ibandronate,
ifosfamide,ifosfamide,
ixabepilone,ixabepilone,
lapatinib,lapatinib,
letrozol,letrozole,
letrozole,letrozole,
letrozole (femara),letrozole,
letrozolum,letrozole,
leuprolide,leuprolide,
leuprolide acetate (lupron),leuprolide,
leuprorelin,leuprolide,
lupron,leuprolide,
megace,megestrol,
mesna-1,mesna,
mesna-2,mesna,
metformin,metformin,항암 목적 임상시험 약제로 추정
methotrexate,methotrexate,
methotrexate+5 fluorouracil+cyclophosphamide,cyclophosphamide+methotrexate+fluorouracil,
metotreksat,methotrexate,
mitomycin,mitomycin,
mitoxantrone,mitoxantrone,
navelbine,vinorelbine,
neulasta,pegfilgrastim,
nolvadex,tamoxifen,
not otherwise specified,unknown,
paclitaxel,paclitaxel,
paclitaxel (protein-bound),nab-paclitaxel,
paclitaxelum,paclitaxel,
pamidronate,pamidronate,
pamidronic acid,pamidronate,
pemetrexed,pemetrexed,
poly e,unknown,의미 불명. 원본 메모 확인 필요
prednisone,prednisone,유방암에서는 전처치·보조 목적
rituximab,rituximab,
tamoxifen,tamoxifen,
tamoxifen (novadex),tamoxifen,
tamoxifen citrate,tamoxifen,
tamoxiphen+anastrazolum,tamoxifen+anastrozole,
tamoxiphene,tamoxifen,
tamoxiphene+anastrozolum,tamoxifen+anastrozole,
tamoxiphene+leuporeline+gosereline,tamoxifen+leuprolide+goserelin,
taxane,taxane nos,
taxol,paclitaxel,
taxol+adriamycin+cyclophosphamide+herceptin,paclitaxel+doxorubicin+cyclophosphamide+trastuzumab,
taxotere,docetaxel,
taxotere/cytoxan,docetaxel+cyclophosphamide,
tc,docetaxel+cyclophosphamide,요법 약어: docetaxel(Taxotere)+cyclophosphamide
tch,docetaxel+carboplatin+trastuzumab,요법 약어: docetaxel+carboplatin+trastuzumab(Herceptin)
tesetaxel,tesetaxel,
trastuzumab,trastuzumab,
triptorelin,triptorelin,
trustuzumab,trastuzumab,
vinblastine,vinblastine,
vincristine,vincristine,
vinorelbine,vinorelbine,
vp-16,etoposide,
xeloda,capecitabine,
xeloda (capecitabine),capecitabine,
xgeva,denosumab,
yondelis,trabectedin,
zoladex,goserelin,
zoledronic acid,zoledronic acid,
zometa,zoledronic acid,
